timestamp,message
1751098234787,"INIT_START Runtime Version: python:3.11.v81	Runtime Version ARN: arn:aws:lambda:us-east-1::runtime:ebf6749fac7fcd6c406648f8f27b8ab0f288dc0e27692e694934929398bd5b40
"
1751098235231,"START RequestId: 2f29cc7e-aa7a-4bc0-a0b5-19c6201fac8d Version: $LATEST
"
1751098235232,"[INFO]	2025-06-28T08:10:35.232Z	2f29cc7e-aa7a-4bc0-a0b5-19c6201fac8d	--- Webhook Handler Invoked ---
"
1751098235324,"[INFO]	2025-06-28T08:10:35.324Z	2f29cc7e-aa7a-4bc0-a0b5-19c6201fac8d	Signature validated successfully.
"
1751098235326,"END RequestId: 2f29cc7e-aa7a-4bc0-a0b5-19c6201fac8d
"
1751098235327,"REPORT RequestId: 2f29cc7e-aa7a-4bc0-a0b5-19c6201fac8d	Duration: 95.38 ms	Billed Duration: 96 ms	Memory Size: 512 MB	Max Memory Used: 82 MB	Init Duration: 440.13 ms	
"
1751098269267,"START RequestId: 9baa9b3c-dd90-47b7-8d3a-c02b3238201b Version: $LATEST
"
1751098269268,"[INFO]	2025-06-28T08:11:09.268Z	9baa9b3c-dd90-47b7-8d3a-c02b3238201b	--- Webhook Handler Invoked ---
"
1751098269296,"[INFO]	2025-06-28T08:11:09.295Z	9baa9b3c-dd90-47b7-8d3a-c02b3238201b	Signature validated successfully.
"
1751098269298,"END RequestId: 9baa9b3c-dd90-47b7-8d3a-c02b3238201b
"
1751098269298,"REPORT RequestId: 9baa9b3c-dd90-47b7-8d3a-c02b3238201b	Duration: 29.56 ms	Billed Duration: 30 ms	Memory Size: 512 MB	Max Memory Used: 82 MB	
"
1751098283466,"START RequestId: 5fc1cd31-a54a-4413-b6a5-50c56951491d Version: $LATEST
"
1751098283467,"[INFO]	2025-06-28T08:11:23.467Z	5fc1cd31-a54a-4413-b6a5-50c56951491d	--- Webhook Handler Invoked ---
"
1751098283495,"[INFO]	2025-06-28T08:11:23.495Z	5fc1cd31-a54a-4413-b6a5-50c56951491d	Signature validated successfully.
"
1751098283588,"[INFO]	2025-06-28T08:11:23.588Z	5fc1cd31-a54a-4413-b6a5-50c56951491d	Started Step Function execution: arn:aws:states:us-east-1:390402580689:execution:AnalysisStateMachine-zuJ7oO11tsut:pr-belumume-sentinel-testbed-32-ba67c8c
"
1751098283589,"END RequestId: 5fc1cd31-a54a-4413-b6a5-50c56951491d
"
1751098283590,"REPORT RequestId: 5fc1cd31-a54a-4413-b6a5-50c56951491d	Duration: 122.45 ms	Billed Duration: 123 ms	Memory Size: 512 MB	Max Memory Used: 82 MB	
"